locality_id,colony_name_on_portal,category,rate_per_sqm,effective_date,source_url
c_scheme,C-Scheme,residential_interior,85000.0,2024-04-01,https://epanjiyan.rajasthan.gov.in/
civil_lines,Civil Lines,residential_interior,72000.0,2024-04-01,https://epanjiyan.rajasthan.gov.in/
bapu_nagar,Bapu Nagar,residential_interior,68000.0,2024-04-01,https://epanjiyan.rajasthan.gov.in/
tilak_nagar,Tilak Nagar,residential_interior,65000.0,2024-04-01,https://epanjiyan.rajasthan.gov.in/
raja_park,Raja Park,residential_interior,60000.0,2024-04-01,https://epanjiyan.rajasthan.gov.in/
malviya_nagar,Malviya Nagar,residential_interior,55000.0,2024-04-01,https://epanjiyan.rajasthan.gov.in/
bani_park,Bani Park,residential_interior,52000.0,2024-04-01,https://epanjiyan.rajasthan.gov.in/
vaishali_nagar,Vaishali Nagar,residential_interior,48000.0,2024-04-01,https://epanjiyan.rajasthan.gov.in/
shyam_nagar,Shyam Nagar,residential_interior,45000.0,2024-04-01,https://epanjiyan.rajasthan.gov.in/
nirman_nagar,Nirman Nagar,residential_interior,42000.0,2024-04-01,https://epanjiyan.rajasthan.gov.in/
sodala,Sodala,residential_interior,40000.0,2024-04-01,https://epanjiyan.rajasthan.gov.in/
mansarovar,Mansarovar,residential_interior,38000.0,2024-04-01,https://epanjiyan.rajasthan.gov.in/
gurjar_ki_thadi,Gurjar Ki Thadi,residential_interior,36000.0,2024-04-01,https://epanjiyan.rajasthan.gov.in/
durgapura,Durgapura,residential_interior,38000.0,2024-04-01,https://epanjiyan.rajasthan.gov.in/
gopalpura,Gopalpura Bypass,residential_interior,35000.0,2024-04-01,https://epanjiyan.rajasthan.gov.in/
jagatpura,Jagatpura,residential_interior,32000.0,2024-04-01,https://epanjiyan.rajasthan.gov.in/
pratap_nagar,Pratap Nagar,residential_interior,30000.0,2024-04-01,https://epanjiyan.rajasthan.gov.in/
vidhyadhar_nagar,Vidhyadhar Nagar,residential_interior,34000.0,2024-04-01,https://epanjiyan.rajasthan.gov.in/
murlipura,Murlipura,residential_interior,28000.0,2024-04-01,https://epanjiyan.rajasthan.gov.in/
jhotwara,Jhotwara,residential_interior,26000.0,2024-04-01,https://epanjiyan.rajasthan.gov.in/
ajmer_road,Ajmer Road,residential_interior,28000.0,2024-04-01,https://epanjiyan.rajasthan.gov.in/
sirsi_road,Sirsi Road,residential_interior,25000.0,2024-04-01,https://epanjiyan.rajasthan.gov.in/
girdharipura,Girdharipura,residential_interior,24000.0,2024-04-01,https://epanjiyan.rajasthan.gov.in/
mansarovar_extension,Mansarovar Extension,residential_interior,26000.0,2024-04-01,https://epanjiyan.rajasthan.gov.in/
patrakar_colony,Patrakar Colony,residential_interior,25000.0,2024-04-01,https://epanjiyan.rajasthan.gov.in/
ramnagariya,Ramnagariya,residential_interior,24000.0,2024-04-01,https://epanjiyan.rajasthan.gov.in/
sanganer,Sanganer,residential_interior,22000.0,2024-04-01,https://epanjiyan.rajasthan.gov.in/
bhakrota,Bhakrota,residential_interior,20000.0,2024-04-01,https://epanjiyan.rajasthan.gov.in/
muhana,Muhana,residential_interior,18000.0,2024-04-01,https://epanjiyan.rajasthan.gov.in/
kalwar_road,Kalwar Road,residential_interior,19000.0,2024-04-01,https://epanjiyan.rajasthan.gov.in/
vatika,Vatika,residential_interior,14000.0,2024-04-01,https://epanjiyan.rajasthan.gov.in/
gokulpura,Gokulpura,residential_interior,21000.0,2024-04-01,https://epanjiyan.rajasthan.gov.in/
dholai,Dholai,residential_interior,24000.0,2024-04-01,https://epanjiyan.rajasthan.gov.in/
central_jaipur,Jaipur Central Walled City,residential_interior,50000.0,2024-04-01,https://epanjiyan.rajasthan.gov.in/
chitrakoot,Chitrakoot Scheme,residential_interior,45000.0,2024-04-01,https://epanjiyan.rajasthan.gov.in/
jawahar_nagar,Jawahar Nagar,residential_interior,58000.0,2024-04-01,https://epanjiyan.rajasthan.gov.in/
adarsh_nagar,Adarsh Nagar,residential_interior,58000.0,2024-04-01,https://epanjiyan.rajasthan.gov.in/
mahesh_nagar,Mahesh Nagar,residential_interior,40000.0,2024-04-01,https://epanjiyan.rajasthan.gov.in/
narayan_vihar,Narayan Vihar,residential_interior,26000.0,2024-04-01,https://epanjiyan.rajasthan.gov.in/
sitapura,Sitapura,residential_interior,28000.0,2024-04-01,https://epanjiyan.rajasthan.gov.in/
