raw_variant,canonical,decided_by,note
gurjar ki thadi,gurjar_ki_thadi,Rule,Direct match
mansarovar,mansarovar,Rule,Direct match
mansarover,mansarovar,Rule,Spelling variant
mansarovar extension,mansarovar_extension,Rule,Sector extension
ajmer road,ajmer_road,Rule,Major arterial corridor
jaipur ajmer express highway,ajmer_road,Rule,Expressway variant
jaipur-ajmer express highway,ajmer_road,Rule,Expressway variant
girdharipura,girdharipura,Rule,Direct match
vaishali nagar,vaishali_nagar,Rule,Direct match
jagatpura,jagatpura,Rule,Direct match
anand nagar,anand_nagar,Rule,Direct match
shyam nagar,shyam_nagar,Rule,Direct match
sirsi road,sirsi_road,Rule,Direct match
bhapura,bhapura,Rule,Direct match
civil l,civil_lines,Rule,Truncated portal string
civil lines,civil_lines,Rule,Direct match
muhana,muhana,Rule,Direct match
gandhi path,gandhi_path,Rule,Direct match
gokulpura,gokulpura,Rule,Direct match
ramnagariya,ramnagariya,Rule,Direct match
patrakar colony,patrakar_colony,Rule,Direct match
bhakrota,bhakrota,Rule,Direct match
bhankrota,bhakrota,Rule,Alternate spelling
manyawas,mangyawas,Rule,Alternate spelling
mangyawas,mangyawas,Rule,Direct match
c-scheme,c_scheme,Rule,Direct match
raja park,raja_park,Rule,Direct match
nirman nagar,nirman_nagar,Rule,Direct match
sodala,sodala,Rule,Direct match
tilak nagar,tilak_nagar,Rule,Direct match
adarsh nagar,adarsh_nagar,Rule,Direct match
jeerota,jeerota,Rule,Direct match
kalwara,kalwara,Rule,Direct match
jhotwara,jhotwara,Rule,Direct match
pratap nagar,pratap_nagar,Rule,Direct match
murlipura,murlipura,Rule,Direct match
vatika,vatika,Rule,Direct match
shri kishanpura,shri_kishanpura,Rule,Direct match
dholai,dholai,Rule,Direct match
malviya nagar,malviya_nagar,Rule,Direct match
bapu nagar,bapu_nagar,Rule,Direct match
tonk road,tonk_road,Rule,Direct match
gopalpura,gopalpura,Rule,Direct match
dadu dayal nagar,dadu_dayal_nagar,Rule,Direct match
new sanganer road,new_sanganer_road,Rule,Direct match
bani park,bani_park,Rule,Direct match
jawahar nagar,jawahar_nagar,Rule,Direct match
sanganer,sanganer,Rule,Direct match
mahapura,mahapura,Rule,Direct match
meenawala,meenawala,Rule,Direct match
keshar vihar,keshar_vihar,Rule,Direct match
theekariya,theekariya,Rule,Direct match
sumer nagar,sumer_nagar,Rule,Direct match
officers campus colony,officers_campus,Rule,Direct match
vardhman nagar,vardhman_nagar,Rule,Direct match
ambabari,ambabari,Rule,Direct match
hathoj,hathoj,Rule,Direct match
mahal yojna,mahal_yojna,Rule,Direct match
tonk phatak,tonk_phatak,Rule,Direct match
manchwa,manchwa,Rule,Direct match
kardhani,kardhani,Rule,Direct match
bais godam,bais_godam,Rule,Direct match
mahesh nagar,mahesh_nagar,Rule,Direct match
janata colony,janata_colony,Rule,Direct match
narayan vihar,narayan_vihar,Rule,Direct match
shiprapath,shiprapath,Rule,Direct match
niwaru road,niwaru_road,Rule,Direct match
kalwar road,kalwar_road,Rule,Direct match
sikar road,sikar_road,Rule,Direct match
vidhyadhar nagar,vidhyadhar_nagar,Rule,Direct match
chitrakoot,chitrakoot,Rule,Direct match
durgapura,durgapura,Rule,Direct match
central jaipur,central_jaipur,Rule,Direct match
sitapura,sitapura,Rule,Direct match
sitapura industrial area,sitapura,Rule,Industrial zone variant
